<?xml version="1.0" encoding="UTF-8"?><rss version="2.0"
	xmlns:content="http://purl.org/rss/1.0/modules/content/"
	xmlns:wfw="http://wellformedweb.org/CommentAPI/"
	xmlns:dc="http://purl.org/dc/elements/1.1/"
	xmlns:atom="http://www.w3.org/2005/Atom"
	xmlns:sy="http://purl.org/rss/1.0/modules/syndication/"
	xmlns:slash="http://purl.org/rss/1.0/modules/slash/"
	>

<channel>
	<title>ShopEase</title>
	<atom:link href="/feed/" rel="self" type="application/rss+xml" />
	<link></link>
	<description>Shop with Ease Anytime, Anywhere.</description>
	<lastBuildDate>Sat, 12 Aug 2023 16:44:51 +0000</lastBuildDate>
	<language>en-GB</language>
	<sy:updatePeriod>
	hourly	</sy:updatePeriod>
	<sy:updateFrequency>
	1	</sy:updateFrequency>
	<generator>https://wordpress.org/?v=6.3</generator>
	<item>
		<title>Leggings</title>
		<link>/product/leggings-2/</link>
					<comments>/product/leggings-2/#respond</comments>
		
		<dc:creator><![CDATA[admin]]></dc:creator>
		<pubDate>Sat, 12 Aug 2023 16:34:19 +0000</pubDate>
				<guid isPermaLink="false">/?post_type=product#038;p=239</guid>

					<description><![CDATA[<p><img data-tf-not-load="1" fetchpriority="high" loading="auto" decoding="sync" width="1000" height="1000" src="/wp-content/uploads/2023/08/Category-Sports-Leggings-80-2.jpg" class="attachment-full size-full wp-post-image" alt="" decoding="async" fetchpriority="high" /></p>]]></description>
										<content:encoded><![CDATA[<p><img data-tf-not-load="1" width="1000" height="1000" src="/wp-content/uploads/2023/08/Category-Sports-Leggings-80-2.jpg" class="attachment-full size-full wp-post-image" alt="" decoding="async" /></p><!--themify_builder_content-->
<div id="themify_builder_content-239" data-postid="239" class="themify_builder_content themify_builder_content-239 themify_builder tf_clear">
    </div>
<!--/themify_builder_content-->
]]></content:encoded>
					
					<wfw:commentRss>/product/leggings-2/feed/</wfw:commentRss>
			<slash:comments>0</slash:comments>
		
		
			</item>
		<item>
		<title>Suitcase</title>
		<link>/product/suitcase/</link>
					<comments>/product/suitcase/#respond</comments>
		
		<dc:creator><![CDATA[admin]]></dc:creator>
		<pubDate>Sat, 12 Aug 2023 16:29:12 +0000</pubDate>
				<guid isPermaLink="false">/?post_type=product#038;p=237</guid>

					<description><![CDATA[<p><img src="data:image/gif;base64,R0lGODlhAQABAIAAAAAAAP///yH5BAEAAAAALAAAAAABAAEAAAIBRAA7" data-lazy="1" width="1920" height="1280" data-tf-src="/wp-content/uploads/2023/08/Hero-2-2.jpeg" class="tf_svg_lazy attachment-full size-full wp-post-image" alt="" decoding="async" /><noscript><img width="1920" height="1280" data-tf-not-load src="/wp-content/uploads/2023/08/Hero-2-2.jpeg" class="attachment-full size-full wp-post-image" alt="" decoding="async" /></noscript></p>]]></description>
										<content:encoded><![CDATA[<p><img src="data:image/gif;base64,R0lGODlhAQABAIAAAAAAAP///yH5BAEAAAAALAAAAAABAAEAAAIBRAA7" data-lazy="1" width="1920" height="1280" data-tf-src="/wp-content/uploads/2023/08/Hero-2-2.jpeg" class="tf_svg_lazy attachment-full size-full wp-post-image" alt="" decoding="async" /><noscript><img width="1920" height="1280" data-tf-not-load src="/wp-content/uploads/2023/08/Hero-2-2.jpeg" class="attachment-full size-full wp-post-image" alt="" decoding="async" /></noscript></p><!--themify_builder_content-->
<div id="themify_builder_content-237" data-postid="237" class="themify_builder_content themify_builder_content-237 themify_builder tf_clear">
    </div>
<!--/themify_builder_content-->
]]></content:encoded>
					
					<wfw:commentRss>/product/suitcase/feed/</wfw:commentRss>
			<slash:comments>0</slash:comments>
		
		
			</item>
		<item>
		<title>Leggings</title>
		<link>/product/leggings/</link>
					<comments>/product/leggings/#respond</comments>
		
		<dc:creator><![CDATA[admin]]></dc:creator>
		<pubDate>Sat, 12 Aug 2023 15:52:56 +0000</pubDate>
				<guid isPermaLink="false">/?post_type=product#038;p=229</guid>

					<description><![CDATA[<p><img src="data:image/gif;base64,R0lGODlhAQABAIAAAAAAAP///yH5BAEAAAAALAAAAAABAAEAAAIBRAA7" data-lazy="1" width="1000" height="1000" data-tf-src="/wp-content/uploads/2023/08/Category-Jungle-Leggings-80.jpg" class="tf_svg_lazy attachment-full size-full wp-post-image" alt="" decoding="async" /><noscript><img width="1000" height="1000" data-tf-not-load src="/wp-content/uploads/2023/08/Category-Jungle-Leggings-80.jpg" class="attachment-full size-full wp-post-image" alt="" decoding="async" /></noscript></p>]]></description>
										<content:encoded><![CDATA[<p><img src="data:image/gif;base64,R0lGODlhAQABAIAAAAAAAP///yH5BAEAAAAALAAAAAABAAEAAAIBRAA7" data-lazy="1" width="1000" height="1000" data-tf-src="/wp-content/uploads/2023/08/Category-Jungle-Leggings-80.jpg" class="tf_svg_lazy attachment-full size-full wp-post-image" alt="" decoding="async" /><noscript><img width="1000" height="1000" data-tf-not-load src="/wp-content/uploads/2023/08/Category-Jungle-Leggings-80.jpg" class="attachment-full size-full wp-post-image" alt="" decoding="async" /></noscript></p><!--themify_builder_content-->
<div id="themify_builder_content-229" data-postid="229" class="themify_builder_content themify_builder_content-229 themify_builder tf_clear">
    </div>
<!--/themify_builder_content-->
]]></content:encoded>
					
					<wfw:commentRss>/product/leggings/feed/</wfw:commentRss>
			<slash:comments>0</slash:comments>
		
		
			</item>
		<item>
		<title>Bottles</title>
		<link>/product/bottles/</link>
					<comments>/product/bottles/#respond</comments>
		
		<dc:creator><![CDATA[admin]]></dc:creator>
		<pubDate>Sat, 12 Aug 2023 15:46:59 +0000</pubDate>
				<guid isPermaLink="false">/?post_type=product#038;p=225</guid>

					<description><![CDATA[<p><img src="data:image/gif;base64,R0lGODlhAQABAIAAAAAAAP///yH5BAEAAAAALAAAAAABAAEAAAIBRAA7" data-lazy="1" width="640" height="640" data-tf-src="/wp-content/uploads/2023/08/Silver-Bottle.png" class="tf_svg_lazy attachment-full size-full wp-post-image" alt="" decoding="async" /><noscript><img width="640" height="640" data-tf-not-load src="/wp-content/uploads/2023/08/Silver-Bottle.png" class="attachment-full size-full wp-post-image" alt="" decoding="async" /></noscript></p>]]></description>
										<content:encoded><![CDATA[<p><img src="data:image/gif;base64,R0lGODlhAQABAIAAAAAAAP///yH5BAEAAAAALAAAAAABAAEAAAIBRAA7" data-lazy="1" width="640" height="640" data-tf-src="/wp-content/uploads/2023/08/Silver-Bottle.png" class="tf_svg_lazy attachment-full size-full wp-post-image" alt="" decoding="async" /><noscript><img width="640" height="640" data-tf-not-load src="/wp-content/uploads/2023/08/Silver-Bottle.png" class="attachment-full size-full wp-post-image" alt="" decoding="async" /></noscript></p><!--themify_builder_content-->
<div id="themify_builder_content-225" data-postid="225" class="themify_builder_content themify_builder_content-225 themify_builder tf_clear">
    </div>
<!--/themify_builder_content-->
]]></content:encoded>
					
					<wfw:commentRss>/product/bottles/feed/</wfw:commentRss>
			<slash:comments>0</slash:comments>
		
		
			</item>
		<item>
		<title>Rings</title>
		<link>/product/rings/</link>
					<comments>/product/rings/#respond</comments>
		
		<dc:creator><![CDATA[admin]]></dc:creator>
		<pubDate>Sat, 12 Aug 2023 10:58:04 +0000</pubDate>
				<guid isPermaLink="false">/?post_type=product#038;p=177</guid>

					<description><![CDATA[<p><img src="data:image/gif;base64,R0lGODlhAQABAIAAAAAAAP///yH5BAEAAAAALAAAAAABAAEAAAIBRAA7" data-lazy="1" width="474" height="385" data-tf-src="/wp-content/uploads/2023/08/r4.jpg" class="tf_svg_lazy attachment-full size-full wp-post-image" alt="" decoding="async" /><noscript><img width="474" height="385" data-tf-not-load src="/wp-content/uploads/2023/08/r4.jpg" class="attachment-full size-full wp-post-image" alt="" decoding="async" /></noscript></p>Introducing the Enchanted Serenity Ring: Where Beauty and Elegance Unite Elevate your jewelry collection with the captivating allure of the Enchanted Serenity Ring. A true embodiment of grace and sophistication, this ring is a timeless masterpiece that perfectly complements your unique style. 🌟 Key Features 🌟 Mesmerizing Centerpiece: The Enchanted Serenity Ring features a dazzling [&#8230;]]]></description>
										<content:encoded><![CDATA[<p><img src="data:image/gif;base64,R0lGODlhAQABAIAAAAAAAP///yH5BAEAAAAALAAAAAABAAEAAAIBRAA7" data-lazy="1" width="474" height="385" data-tf-src="/wp-content/uploads/2023/08/r4.jpg" class="tf_svg_lazy attachment-full size-full wp-post-image" alt="" decoding="async" /><noscript><img width="474" height="385" data-tf-not-load src="/wp-content/uploads/2023/08/r4.jpg" class="attachment-full size-full wp-post-image" alt="" decoding="async" /></noscript></p><p>Introducing the Enchanted Serenity Ring: Where Beauty and Elegance Unite</p>
<p>Elevate your jewelry collection with the captivating allure of the Enchanted Serenity Ring. A true embodiment of grace and sophistication, this ring is a timeless masterpiece that perfectly complements your unique style.</p>
<p><img src="data:image/svg+xml;charset=UTF-8,%3Csvg%20xmlns%3D%27http%3A%2F%2Fwww.w3.org%2F2000%2Fsvg%27%20width%3D%2772%27%20height%3D%2772%27%20fill%3D%27rgba%28255%2C255%2C255%2C.2%29%27%3E%3Crect%20width%3D%27100%25%27%20height%3D%27100%25%27%2F%3E%3C%2Fsvg%3E" loading="lazy" data-lazy="1" decoding="async" width="72" height="72" data-tf-src="https://s.w.org/images/core/emoji/14.0.0/72x72/1f31f.png" alt="🌟" class="tf_svg_lazy wp-smiley" style="height: 1em; max-height: 1em;" /><noscript><img data-tf-not-load src="https://s.w.org/images/core/emoji/14.0.0/72x72/1f31f.png" alt="🌟" class="wp-smiley" style="height: 1em; max-height: 1em;" /></noscript> Key Features <img src="data:image/svg+xml;charset=UTF-8,%3Csvg%20xmlns%3D%27http%3A%2F%2Fwww.w3.org%2F2000%2Fsvg%27%20width%3D%2772%27%20height%3D%2772%27%20fill%3D%27rgba%28255%2C255%2C255%2C.2%29%27%3E%3Crect%20width%3D%27100%25%27%20height%3D%27100%25%27%2F%3E%3C%2Fsvg%3E" loading="lazy" data-lazy="1" decoding="async" width="72" height="72" data-tf-src="https://s.w.org/images/core/emoji/14.0.0/72x72/1f31f.png" alt="🌟" class="tf_svg_lazy wp-smiley" style="height: 1em; max-height: 1em;" /><noscript><img data-tf-not-load src="https://s.w.org/images/core/emoji/14.0.0/72x72/1f31f.png" alt="🌟" class="wp-smiley" style="height: 1em; max-height: 1em;" /></noscript></p>
<ol>
<li><strong>Mesmerizing Centerpiece</strong>: The Enchanted Serenity Ring features a dazzling gemstone that captures the essence of ethereal beauty. With its brilliant sparkle and exquisite cut, it becomes the focal point of admiration and conversation.</li>
<li><strong>Crafted to Perfection</strong>: Meticulously handcrafted by skilled artisans, this ring boasts intricate detailing and flawless craftsmanship. Every curve, every facet, and every angle showcases the dedication to creating a piece that&#8217;s as exceptional as you are.</li>
</ol>
<!--themify_builder_content-->
<div id="themify_builder_content-177" data-postid="177" class="themify_builder_content themify_builder_content-177 themify_builder tf_clear">
    </div>
<!--/themify_builder_content-->
]]></content:encoded>
					
					<wfw:commentRss>/product/rings/feed/</wfw:commentRss>
			<slash:comments>0</slash:comments>
		
		
			</item>
		<item>
		<title>Simple Products</title>
		<link>/product/simple-products-4/</link>
					<comments>/product/simple-products-4/#respond</comments>
		
		<dc:creator><![CDATA[admin]]></dc:creator>
		<pubDate>Sat, 12 Aug 2023 08:11:36 +0000</pubDate>
				<guid isPermaLink="false">/?post_type=product#038;p=166</guid>

					<description><![CDATA[<p><img src="data:image/gif;base64,R0lGODlhAQABAIAAAAAAAP///yH5BAEAAAAALAAAAAABAAEAAAIBRAA7" data-lazy="1" width="474" height="334" data-tf-src="/wp-content/uploads/2023/08/r1.jpg" class="tf_svg_lazy attachment-full size-full wp-post-image" alt="" decoding="async" /><noscript><img width="474" height="334" data-tf-not-load src="/wp-content/uploads/2023/08/r1.jpg" class="attachment-full size-full wp-post-image" alt="" decoding="async" /></noscript></p>Introducing the Enchanted Serenity Ring: Where Beauty and Elegance Unite Elevate your jewelry collection with the captivating allure of the Enchanted Serenity Ring. A true embodiment of grace and sophistication, this ring is a timeless masterpiece that perfectly complements your unique style. 🌟 Key Features 🌟 Mesmerizing Centerpiece: The Enchanted Serenity Ring features a dazzling [&#8230;]]]></description>
										<content:encoded><![CDATA[<p><img src="data:image/gif;base64,R0lGODlhAQABAIAAAAAAAP///yH5BAEAAAAALAAAAAABAAEAAAIBRAA7" data-lazy="1" width="474" height="334" data-tf-src="/wp-content/uploads/2023/08/r1.jpg" class="tf_svg_lazy attachment-full size-full wp-post-image" alt="" decoding="async" /><noscript><img width="474" height="334" data-tf-not-load src="/wp-content/uploads/2023/08/r1.jpg" class="attachment-full size-full wp-post-image" alt="" decoding="async" /></noscript></p><p>Introducing the Enchanted Serenity Ring: Where Beauty and Elegance Unite</p>
<p>Elevate your jewelry collection with the captivating allure of the Enchanted Serenity Ring. A true embodiment of grace and sophistication, this ring is a timeless masterpiece that perfectly complements your unique style.</p>
<p><img src="data:image/svg+xml;charset=UTF-8,%3Csvg%20xmlns%3D%27http%3A%2F%2Fwww.w3.org%2F2000%2Fsvg%27%20width%3D%2772%27%20height%3D%2772%27%20fill%3D%27rgba%28255%2C255%2C255%2C.2%29%27%3E%3Crect%20width%3D%27100%25%27%20height%3D%27100%25%27%2F%3E%3C%2Fsvg%3E" loading="lazy" data-lazy="1" decoding="async" width="72" height="72" data-tf-src="https://s.w.org/images/core/emoji/14.0.0/72x72/1f31f.png" alt="🌟" class="tf_svg_lazy wp-smiley" style="height: 1em; max-height: 1em;" /><noscript><img data-tf-not-load src="https://s.w.org/images/core/emoji/14.0.0/72x72/1f31f.png" alt="🌟" class="wp-smiley" style="height: 1em; max-height: 1em;" /></noscript> Key Features <img src="data:image/svg+xml;charset=UTF-8,%3Csvg%20xmlns%3D%27http%3A%2F%2Fwww.w3.org%2F2000%2Fsvg%27%20width%3D%2772%27%20height%3D%2772%27%20fill%3D%27rgba%28255%2C255%2C255%2C.2%29%27%3E%3Crect%20width%3D%27100%25%27%20height%3D%27100%25%27%2F%3E%3C%2Fsvg%3E" loading="lazy" data-lazy="1" decoding="async" width="72" height="72" data-tf-src="https://s.w.org/images/core/emoji/14.0.0/72x72/1f31f.png" alt="🌟" class="tf_svg_lazy wp-smiley" style="height: 1em; max-height: 1em;" /><noscript><img data-tf-not-load src="https://s.w.org/images/core/emoji/14.0.0/72x72/1f31f.png" alt="🌟" class="wp-smiley" style="height: 1em; max-height: 1em;" /></noscript></p>
<ol>
<li><strong>Mesmerizing Centerpiece</strong>: The Enchanted Serenity Ring features a dazzling gemstone that captures the essence of ethereal beauty. With its brilliant sparkle and exquisite cut, it becomes the focal point of admiration and conversation.</li>
<li><strong>Crafted to Perfection</strong>: Meticulously handcrafted by skilled artisans, this ring boasts intricate detailing and flawless craftsmanship. Every curve, every facet, and every angle showcases the dedication to creating a piece that&#8217;s as exceptional as you are.</li>
</ol>
<!--themify_builder_content-->
<div id="themify_builder_content-166" data-postid="166" class="themify_builder_content themify_builder_content-166 themify_builder tf_clear">
    </div>
<!--/themify_builder_content-->
]]></content:encoded>
					
					<wfw:commentRss>/product/simple-products-4/feed/</wfw:commentRss>
			<slash:comments>0</slash:comments>
		
		
			</item>
		<item>
		<title>Simple products</title>
		<link>/product/simple-products-3/</link>
					<comments>/product/simple-products-3/#respond</comments>
		
		<dc:creator><![CDATA[admin]]></dc:creator>
		<pubDate>Sat, 12 Aug 2023 08:10:40 +0000</pubDate>
				<guid isPermaLink="false">/?post_type=product#038;p=165</guid>

					<description><![CDATA[<p><img src="data:image/gif;base64,R0lGODlhAQABAIAAAAAAAP///yH5BAEAAAAALAAAAAABAAEAAAIBRAA7" data-lazy="1" width="474" height="474" data-tf-src="/wp-content/uploads/2023/08/h4.jpg" class="tf_svg_lazy attachment-full size-full wp-post-image" alt="" decoding="async" /><noscript><img width="474" height="474" data-tf-not-load src="/wp-content/uploads/2023/08/h4.jpg" class="attachment-full size-full wp-post-image" alt="" decoding="async" /></noscript></p>Introducing SonicRise Pro: Your Gateway to Unparalleled Soundscapes Immerse yourself in a world of sonic excellence with the revolutionary SonicRise Pro headphones. Engineered to redefine your audio experience, these headphones are the ultimate fusion of cutting-edge technology and uncompromising comfort. 🎧 Key Features 🎧 Pure Audio Nirvana: Prepare to be swept away by the richness [&#8230;]]]></description>
										<content:encoded><![CDATA[<p><img src="data:image/gif;base64,R0lGODlhAQABAIAAAAAAAP///yH5BAEAAAAALAAAAAABAAEAAAIBRAA7" data-lazy="1" width="474" height="474" data-tf-src="/wp-content/uploads/2023/08/h4.jpg" class="tf_svg_lazy attachment-full size-full wp-post-image" alt="" decoding="async" /><noscript><img width="474" height="474" data-tf-not-load src="/wp-content/uploads/2023/08/h4.jpg" class="attachment-full size-full wp-post-image" alt="" decoding="async" /></noscript></p><p>Introducing SonicRise Pro: Your Gateway to Unparalleled Soundscapes</p>
<p>Immerse yourself in a world of sonic excellence with the revolutionary SonicRise Pro headphones. Engineered to redefine your audio experience, these headphones are the ultimate fusion of cutting-edge technology and uncompromising comfort.</p>
<p><img src="data:image/svg+xml;charset=UTF-8,%3Csvg%20xmlns%3D%27http%3A%2F%2Fwww.w3.org%2F2000%2Fsvg%27%20width%3D%2772%27%20height%3D%2772%27%20fill%3D%27rgba%28255%2C255%2C255%2C.2%29%27%3E%3Crect%20width%3D%27100%25%27%20height%3D%27100%25%27%2F%3E%3C%2Fsvg%3E" loading="lazy" data-lazy="1" decoding="async" width="72" height="72" data-tf-src="https://s.w.org/images/core/emoji/14.0.0/72x72/1f3a7.png" alt="🎧" class="tf_svg_lazy wp-smiley" style="height: 1em; max-height: 1em;" /><noscript><img data-tf-not-load src="https://s.w.org/images/core/emoji/14.0.0/72x72/1f3a7.png" alt="🎧" class="wp-smiley" style="height: 1em; max-height: 1em;" /></noscript> Key Features <img src="data:image/svg+xml;charset=UTF-8,%3Csvg%20xmlns%3D%27http%3A%2F%2Fwww.w3.org%2F2000%2Fsvg%27%20width%3D%2772%27%20height%3D%2772%27%20fill%3D%27rgba%28255%2C255%2C255%2C.2%29%27%3E%3Crect%20width%3D%27100%25%27%20height%3D%27100%25%27%2F%3E%3C%2Fsvg%3E" loading="lazy" data-lazy="1" decoding="async" width="72" height="72" data-tf-src="https://s.w.org/images/core/emoji/14.0.0/72x72/1f3a7.png" alt="🎧" class="tf_svg_lazy wp-smiley" style="height: 1em; max-height: 1em;" /><noscript><img data-tf-not-load src="https://s.w.org/images/core/emoji/14.0.0/72x72/1f3a7.png" alt="🎧" class="wp-smiley" style="height: 1em; max-height: 1em;" /></noscript></p>
<ol>
<li><strong>Pure Audio Nirvana</strong>: Prepare to be swept away by the richness and clarity of sound. The SonicRise Pro headphones deliver an audio experience like no other, with deep bass, crystal-clear highs, and a balanced midrange that reveals every nuance of your favorite music.</li>
<li><strong>Active Noise Cancellation</strong>: Escape into your own auditory sanctuary. Our advanced noise-cancellation technology silences the world around you, allowing you to focus solely on the music, podcasts, or calls that matter most.</li>
</ol>
<!--themify_builder_content-->
<div id="themify_builder_content-165" data-postid="165" class="themify_builder_content themify_builder_content-165 themify_builder tf_clear">
    </div>
<!--/themify_builder_content-->
]]></content:encoded>
					
					<wfw:commentRss>/product/simple-products-3/feed/</wfw:commentRss>
			<slash:comments>0</slash:comments>
		
		
			</item>
		<item>
		<title>simple Products</title>
		<link>/product/simple-products-2/</link>
					<comments>/product/simple-products-2/#respond</comments>
		
		<dc:creator><![CDATA[admin]]></dc:creator>
		<pubDate>Sat, 12 Aug 2023 08:09:23 +0000</pubDate>
				<guid isPermaLink="false">/?post_type=product#038;p=164</guid>

					<description><![CDATA[<p><img src="data:image/gif;base64,R0lGODlhAQABAIAAAAAAAP///yH5BAEAAAAALAAAAAABAAEAAAIBRAA7" data-lazy="1" width="474" height="522" data-tf-src="/wp-content/uploads/2023/08/h2.jpg" class="tf_svg_lazy attachment-full size-full wp-post-image" alt="" decoding="async" /><noscript><img width="474" height="522" data-tf-not-load src="/wp-content/uploads/2023/08/h2.jpg" class="attachment-full size-full wp-post-image" alt="" decoding="async" /></noscript></p>Introducing SonicRise Pro: Your Gateway to Unparalleled Soundscapes Immerse yourself in a world of sonic excellence with the revolutionary SonicRise Pro headphones. Engineered to redefine your audio experience, these headphones are the ultimate fusion of cutting-edge technology and uncompromising comfort. 🎧 Key Features 🎧 Pure Audio Nirvana: Prepare to be swept away by the richness [&#8230;]]]></description>
										<content:encoded><![CDATA[<p><img src="data:image/gif;base64,R0lGODlhAQABAIAAAAAAAP///yH5BAEAAAAALAAAAAABAAEAAAIBRAA7" data-lazy="1" width="474" height="522" data-tf-src="/wp-content/uploads/2023/08/h2.jpg" class="tf_svg_lazy attachment-full size-full wp-post-image" alt="" decoding="async" /><noscript><img width="474" height="522" data-tf-not-load src="/wp-content/uploads/2023/08/h2.jpg" class="attachment-full size-full wp-post-image" alt="" decoding="async" /></noscript></p><p>Introducing SonicRise Pro: Your Gateway to Unparalleled Soundscapes</p>
<p>Immerse yourself in a world of sonic excellence with the revolutionary SonicRise Pro headphones. Engineered to redefine your audio experience, these headphones are the ultimate fusion of cutting-edge technology and uncompromising comfort.</p>
<p><img src="data:image/svg+xml;charset=UTF-8,%3Csvg%20xmlns%3D%27http%3A%2F%2Fwww.w3.org%2F2000%2Fsvg%27%20width%3D%2772%27%20height%3D%2772%27%20fill%3D%27rgba%28255%2C255%2C255%2C.2%29%27%3E%3Crect%20width%3D%27100%25%27%20height%3D%27100%25%27%2F%3E%3C%2Fsvg%3E" loading="lazy" data-lazy="1" decoding="async" width="72" height="72" data-tf-src="https://s.w.org/images/core/emoji/14.0.0/72x72/1f3a7.png" alt="🎧" class="tf_svg_lazy wp-smiley" style="height: 1em; max-height: 1em;" /><noscript><img data-tf-not-load src="https://s.w.org/images/core/emoji/14.0.0/72x72/1f3a7.png" alt="🎧" class="wp-smiley" style="height: 1em; max-height: 1em;" /></noscript> Key Features <img src="data:image/svg+xml;charset=UTF-8,%3Csvg%20xmlns%3D%27http%3A%2F%2Fwww.w3.org%2F2000%2Fsvg%27%20width%3D%2772%27%20height%3D%2772%27%20fill%3D%27rgba%28255%2C255%2C255%2C.2%29%27%3E%3Crect%20width%3D%27100%25%27%20height%3D%27100%25%27%2F%3E%3C%2Fsvg%3E" loading="lazy" data-lazy="1" decoding="async" width="72" height="72" data-tf-src="https://s.w.org/images/core/emoji/14.0.0/72x72/1f3a7.png" alt="🎧" class="tf_svg_lazy wp-smiley" style="height: 1em; max-height: 1em;" /><noscript><img data-tf-not-load src="https://s.w.org/images/core/emoji/14.0.0/72x72/1f3a7.png" alt="🎧" class="wp-smiley" style="height: 1em; max-height: 1em;" /></noscript></p>
<ol>
<li><strong>Pure Audio Nirvana</strong>: Prepare to be swept away by the richness and clarity of sound. The SonicRise Pro headphones deliver an audio experience like no other, with deep bass, crystal-clear highs, and a balanced midrange that reveals every nuance of your favorite music.</li>
<li><strong>Active Noise Cancellation</strong>: Escape into your own auditory sanctuary. Our advanced noise-cancellation technology silences the world around you, allowing you to focus solely on the music, podcasts, or calls that matter most.</li>
</ol>
<!--themify_builder_content-->
<div id="themify_builder_content-164" data-postid="164" class="themify_builder_content themify_builder_content-164 themify_builder tf_clear">
    </div>
<!--/themify_builder_content-->
]]></content:encoded>
					
					<wfw:commentRss>/product/simple-products-2/feed/</wfw:commentRss>
			<slash:comments>0</slash:comments>
		
		
			</item>
		<item>
		<title>simple products</title>
		<link>/product/simple-products/</link>
					<comments>/product/simple-products/#respond</comments>
		
		<dc:creator><![CDATA[admin]]></dc:creator>
		<pubDate>Sat, 12 Aug 2023 08:07:20 +0000</pubDate>
				<guid isPermaLink="false">/?post_type=product#038;p=155</guid>

					<description><![CDATA[<p><img src="data:image/gif;base64,R0lGODlhAQABAIAAAAAAAP///yH5BAEAAAAALAAAAAABAAEAAAIBRAA7" data-lazy="1" width="736" height="736" data-tf-src="/wp-content/uploads/2023/08/r4-1.jpg" class="tf_svg_lazy attachment-full size-full wp-post-image" alt="" decoding="async" /><noscript><img width="736" height="736" data-tf-not-load src="/wp-content/uploads/2023/08/r4-1.jpg" class="attachment-full size-full wp-post-image" alt="" decoding="async" /></noscript></p>Introducing the Enchanted Serenity Ring: Where Beauty and Elegance Unite Elevate your jewelry collection with the captivating allure of the Enchanted Serenity Ring. A true embodiment of grace and sophistication, this ring is a timeless masterpiece that perfectly complements your unique style. 🌟 Key Features 🌟 Mesmerizing Centerpiece: The Enchanted Serenity Ring features a dazzling [&#8230;]]]></description>
										<content:encoded><![CDATA[<p><img src="data:image/gif;base64,R0lGODlhAQABAIAAAAAAAP///yH5BAEAAAAALAAAAAABAAEAAAIBRAA7" data-lazy="1" width="736" height="736" data-tf-src="/wp-content/uploads/2023/08/r4-1.jpg" class="tf_svg_lazy attachment-full size-full wp-post-image" alt="" decoding="async" /><noscript><img width="736" height="736" data-tf-not-load src="/wp-content/uploads/2023/08/r4-1.jpg" class="attachment-full size-full wp-post-image" alt="" decoding="async" /></noscript></p><p>Introducing the Enchanted Serenity Ring: Where Beauty and Elegance Unite</p>
<p>Elevate your jewelry collection with the captivating allure of the Enchanted Serenity Ring. A true embodiment of grace and sophistication, this ring is a timeless masterpiece that perfectly complements your unique style.</p>
<p><img src="data:image/svg+xml;charset=UTF-8,%3Csvg%20xmlns%3D%27http%3A%2F%2Fwww.w3.org%2F2000%2Fsvg%27%20width%3D%2772%27%20height%3D%2772%27%20fill%3D%27rgba%28255%2C255%2C255%2C.2%29%27%3E%3Crect%20width%3D%27100%25%27%20height%3D%27100%25%27%2F%3E%3C%2Fsvg%3E" loading="lazy" data-lazy="1" decoding="async" width="72" height="72" data-tf-src="https://s.w.org/images/core/emoji/14.0.0/72x72/1f31f.png" alt="🌟" class="tf_svg_lazy wp-smiley" style="height: 1em; max-height: 1em;" /><noscript><img data-tf-not-load src="https://s.w.org/images/core/emoji/14.0.0/72x72/1f31f.png" alt="🌟" class="wp-smiley" style="height: 1em; max-height: 1em;" /></noscript> Key Features <img src="data:image/svg+xml;charset=UTF-8,%3Csvg%20xmlns%3D%27http%3A%2F%2Fwww.w3.org%2F2000%2Fsvg%27%20width%3D%2772%27%20height%3D%2772%27%20fill%3D%27rgba%28255%2C255%2C255%2C.2%29%27%3E%3Crect%20width%3D%27100%25%27%20height%3D%27100%25%27%2F%3E%3C%2Fsvg%3E" loading="lazy" data-lazy="1" decoding="async" width="72" height="72" data-tf-src="https://s.w.org/images/core/emoji/14.0.0/72x72/1f31f.png" alt="🌟" class="tf_svg_lazy wp-smiley" style="height: 1em; max-height: 1em;" /><noscript><img data-tf-not-load src="https://s.w.org/images/core/emoji/14.0.0/72x72/1f31f.png" alt="🌟" class="wp-smiley" style="height: 1em; max-height: 1em;" /></noscript></p>
<ol>
<li><strong>Mesmerizing Centerpiece</strong>: The Enchanted Serenity Ring features a dazzling gemstone that captures the essence of ethereal beauty. With its brilliant sparkle and exquisite cut, it becomes the focal point of admiration and conversation.</li>
<li><strong>Crafted to Perfection</strong>: Meticulously handcrafted by skilled artisans, this ring boasts intricate detailing and flawless craftsmanship. Every curve, every facet, and every angle showcases the dedication to creating a piece that&#8217;s as exceptional as you are.</li>
</ol>
<!--themify_builder_content-->
<div id="themify_builder_content-155" data-postid="155" class="themify_builder_content themify_builder_content-155 themify_builder tf_clear">
    </div>
<!--/themify_builder_content-->
]]></content:encoded>
					
					<wfw:commentRss>/product/simple-products/feed/</wfw:commentRss>
			<slash:comments>0</slash:comments>
		
		
			</item>
		<item>
		<title>Variable products</title>
		<link>/product/variable-products/</link>
					<comments>/product/variable-products/#respond</comments>
		
		<dc:creator><![CDATA[admin]]></dc:creator>
		<pubDate>Sat, 12 Aug 2023 03:09:54 +0000</pubDate>
				<guid isPermaLink="false">/?post_type=product#038;p=102</guid>

					<description><![CDATA[<p><img src="data:image/gif;base64,R0lGODlhAQABAIAAAAAAAP///yH5BAEAAAAALAAAAAABAAEAAAIBRAA7" data-lazy="1" width="640" height="640" data-tf-src="/wp-content/uploads/2023/08/5-variant-braided-loop-for-apple-watch-strap-44mm-40mm-45mm-41mm-42mm-38mm-49mm-elastic-solo-bracelet-iwatch-series-7-se-3-6-ultra-8-band.png" class="tf_svg_lazy attachment-full size-full wp-post-image" alt="" decoding="async" /><noscript><img width="640" height="640" data-tf-not-load src="/wp-content/uploads/2023/08/5-variant-braided-loop-for-apple-watch-strap-44mm-40mm-45mm-41mm-42mm-38mm-49mm-elastic-solo-bracelet-iwatch-series-7-se-3-6-ultra-8-band.png" class="attachment-full size-full wp-post-image" alt="" decoding="async" /></noscript></p>Introducing the Elegance Redefined: The Radiant Starlight Watch Experience timekeeping like never before with the exquisite Radiant Starlight Watch. Merging timeless beauty with modern innovation, this watch is a true masterpiece that adorns your wrist with elegance and sophistication. Captivating Design Precision Engineering Adjustable Comfort]]></description>
										<content:encoded><![CDATA[<p><img src="data:image/gif;base64,R0lGODlhAQABAIAAAAAAAP///yH5BAEAAAAALAAAAAABAAEAAAIBRAA7" data-lazy="1" width="640" height="640" data-tf-src="/wp-content/uploads/2023/08/5-variant-braided-loop-for-apple-watch-strap-44mm-40mm-45mm-41mm-42mm-38mm-49mm-elastic-solo-bracelet-iwatch-series-7-se-3-6-ultra-8-band.png" class="tf_svg_lazy attachment-full size-full wp-post-image" alt="" decoding="async" /><noscript><img width="640" height="640" data-tf-not-load src="/wp-content/uploads/2023/08/5-variant-braided-loop-for-apple-watch-strap-44mm-40mm-45mm-41mm-42mm-38mm-49mm-elastic-solo-bracelet-iwatch-series-7-se-3-6-ultra-8-band.png" class="attachment-full size-full wp-post-image" alt="" decoding="async" /></noscript></p><p>Introducing the Elegance Redefined: The Radiant Starlight Watch</p>
<p>Experience timekeeping like never before with the exquisite Radiant Starlight Watch. Merging timeless beauty with modern innovation, this watch is a true masterpiece that adorns your wrist with elegance and sophistication.</p>
<p><strong>Captivating Design</strong></p>
<p><strong>Precision Engineering</strong></p>
<p><strong>Adjustable Comfort</strong></p>
<!--themify_builder_content-->
<div id="themify_builder_content-102" data-postid="102" class="themify_builder_content themify_builder_content-102 themify_builder tf_clear">
    </div>
<!--/themify_builder_content-->
]]></content:encoded>
					
					<wfw:commentRss>/product/variable-products/feed/</wfw:commentRss>
			<slash:comments>0</slash:comments>
		
		
			</item>
	</channel>
</rss>
