<?xml version="1.0" encoding="UTF-8"?><rss version="2.0"
	xmlns:content="http://purl.org/rss/1.0/modules/content/"
	xmlns:wfw="http://wellformedweb.org/CommentAPI/"
	xmlns:dc="http://purl.org/dc/elements/1.1/"
	xmlns:atom="http://www.w3.org/2005/Atom"
	xmlns:sy="http://purl.org/rss/1.0/modules/syndication/"
	xmlns:slash="http://purl.org/rss/1.0/modules/slash/"
	>

<channel>
	<title>Essentials &#8211; ShopEase</title>
	<atom:link href="/product-category/essentials/feed/" rel="self" type="application/rss+xml" />
	<link></link>
	<description>Shop with Ease Anytime, Anywhere.</description>
	<lastBuildDate>Sat, 12 Aug 2023 16:39:27 +0000</lastBuildDate>
	<language>en-GB</language>
	<sy:updatePeriod>
	hourly	</sy:updatePeriod>
	<sy:updateFrequency>
	1	</sy:updateFrequency>
	<generator>https://wordpress.org/?v=6.3</generator>
	<item>
		<title>Leggings</title>
		<link>/product/leggings-2/</link>
					<comments>/product/leggings-2/#respond</comments>
		
		<dc:creator><![CDATA[admin]]></dc:creator>
		<pubDate>Sat, 12 Aug 2023 16:34:19 +0000</pubDate>
				<guid isPermaLink="false">/?post_type=product#038;p=239</guid>

					<description><![CDATA[<p><img data-tf-not-load="1" fetchpriority="high" loading="auto" decoding="sync" width="1000" height="1000" src="/wp-content/uploads/2023/08/Category-Sports-Leggings-80-2.jpg" class="attachment-full size-full wp-post-image" alt="" decoding="async" fetchpriority="high" /></p>]]></description>
										<content:encoded><![CDATA[<p><img data-tf-not-load="1" width="1000" height="1000" src="/wp-content/uploads/2023/08/Category-Sports-Leggings-80-2.jpg" class="attachment-full size-full wp-post-image" alt="" decoding="async" /></p><!--themify_builder_content-->
<div id="themify_builder_content-239" data-postid="239" class="themify_builder_content themify_builder_content-239 themify_builder tf_clear">
    </div>
<!--/themify_builder_content-->
]]></content:encoded>
					
					<wfw:commentRss>/product/leggings-2/feed/</wfw:commentRss>
			<slash:comments>0</slash:comments>
		
		
			</item>
		<item>
		<title>Leggings</title>
		<link>/product/leggings/</link>
					<comments>/product/leggings/#respond</comments>
		
		<dc:creator><![CDATA[admin]]></dc:creator>
		<pubDate>Sat, 12 Aug 2023 15:52:56 +0000</pubDate>
				<guid isPermaLink="false">/?post_type=product#038;p=229</guid>

					<description><![CDATA[<p><img src="data:image/gif;base64,R0lGODlhAQABAIAAAAAAAP///yH5BAEAAAAALAAAAAABAAEAAAIBRAA7" data-lazy="1" width="1000" height="1000" data-tf-src="/wp-content/uploads/2023/08/Category-Jungle-Leggings-80.jpg" class="tf_svg_lazy attachment-full size-full wp-post-image" alt="" decoding="async" /><noscript><img width="1000" height="1000" data-tf-not-load src="/wp-content/uploads/2023/08/Category-Jungle-Leggings-80.jpg" class="attachment-full size-full wp-post-image" alt="" decoding="async" /></noscript></p>]]></description>
										<content:encoded><![CDATA[<p><img src="data:image/gif;base64,R0lGODlhAQABAIAAAAAAAP///yH5BAEAAAAALAAAAAABAAEAAAIBRAA7" data-lazy="1" width="1000" height="1000" data-tf-src="/wp-content/uploads/2023/08/Category-Jungle-Leggings-80.jpg" class="tf_svg_lazy attachment-full size-full wp-post-image" alt="" decoding="async" /><noscript><img width="1000" height="1000" data-tf-not-load src="/wp-content/uploads/2023/08/Category-Jungle-Leggings-80.jpg" class="attachment-full size-full wp-post-image" alt="" decoding="async" /></noscript></p><!--themify_builder_content-->
<div id="themify_builder_content-229" data-postid="229" class="themify_builder_content themify_builder_content-229 themify_builder tf_clear">
    </div>
<!--/themify_builder_content-->
]]></content:encoded>
					
					<wfw:commentRss>/product/leggings/feed/</wfw:commentRss>
			<slash:comments>0</slash:comments>
		
		
			</item>
		<item>
		<title>Bottles</title>
		<link>/product/bottles/</link>
					<comments>/product/bottles/#respond</comments>
		
		<dc:creator><![CDATA[admin]]></dc:creator>
		<pubDate>Sat, 12 Aug 2023 15:46:59 +0000</pubDate>
				<guid isPermaLink="false">/?post_type=product#038;p=225</guid>

					<description><![CDATA[<p><img src="data:image/gif;base64,R0lGODlhAQABAIAAAAAAAP///yH5BAEAAAAALAAAAAABAAEAAAIBRAA7" data-lazy="1" width="640" height="640" data-tf-src="/wp-content/uploads/2023/08/Silver-Bottle.png" class="tf_svg_lazy attachment-full size-full wp-post-image" alt="" decoding="async" /><noscript><img width="640" height="640" data-tf-not-load src="/wp-content/uploads/2023/08/Silver-Bottle.png" class="attachment-full size-full wp-post-image" alt="" decoding="async" /></noscript></p>]]></description>
										<content:encoded><![CDATA[<p><img src="data:image/gif;base64,R0lGODlhAQABAIAAAAAAAP///yH5BAEAAAAALAAAAAABAAEAAAIBRAA7" data-lazy="1" width="640" height="640" data-tf-src="/wp-content/uploads/2023/08/Silver-Bottle.png" class="tf_svg_lazy attachment-full size-full wp-post-image" alt="" decoding="async" /><noscript><img width="640" height="640" data-tf-not-load src="/wp-content/uploads/2023/08/Silver-Bottle.png" class="attachment-full size-full wp-post-image" alt="" decoding="async" /></noscript></p><!--themify_builder_content-->
<div id="themify_builder_content-225" data-postid="225" class="themify_builder_content themify_builder_content-225 themify_builder tf_clear">
    </div>
<!--/themify_builder_content-->
]]></content:encoded>
					
					<wfw:commentRss>/product/bottles/feed/</wfw:commentRss>
			<slash:comments>0</slash:comments>
		
		
			</item>
		<item>
		<title>Simple products</title>
		<link>/product/simple-products-3/</link>
					<comments>/product/simple-products-3/#respond</comments>
		
		<dc:creator><![CDATA[admin]]></dc:creator>
		<pubDate>Sat, 12 Aug 2023 08:10:40 +0000</pubDate>
				<guid isPermaLink="false">/?post_type=product#038;p=165</guid>

					<description><![CDATA[<p><img src="data:image/gif;base64,R0lGODlhAQABAIAAAAAAAP///yH5BAEAAAAALAAAAAABAAEAAAIBRAA7" data-lazy="1" width="474" height="474" data-tf-src="/wp-content/uploads/2023/08/h4.jpg" class="tf_svg_lazy attachment-full size-full wp-post-image" alt="" decoding="async" /><noscript><img width="474" height="474" data-tf-not-load src="/wp-content/uploads/2023/08/h4.jpg" class="attachment-full size-full wp-post-image" alt="" decoding="async" /></noscript></p>Introducing SonicRise Pro: Your Gateway to Unparalleled Soundscapes Immerse yourself in a world of sonic excellence with the revolutionary SonicRise Pro headphones. Engineered to redefine your audio experience, these headphones are the ultimate fusion of cutting-edge technology and uncompromising comfort. 🎧 Key Features 🎧 Pure Audio Nirvana: Prepare to be swept away by the richness [&#8230;]]]></description>
										<content:encoded><![CDATA[<p><img src="data:image/gif;base64,R0lGODlhAQABAIAAAAAAAP///yH5BAEAAAAALAAAAAABAAEAAAIBRAA7" data-lazy="1" width="474" height="474" data-tf-src="/wp-content/uploads/2023/08/h4.jpg" class="tf_svg_lazy attachment-full size-full wp-post-image" alt="" decoding="async" /><noscript><img width="474" height="474" data-tf-not-load src="/wp-content/uploads/2023/08/h4.jpg" class="attachment-full size-full wp-post-image" alt="" decoding="async" /></noscript></p><p>Introducing SonicRise Pro: Your Gateway to Unparalleled Soundscapes</p>
<p>Immerse yourself in a world of sonic excellence with the revolutionary SonicRise Pro headphones. Engineered to redefine your audio experience, these headphones are the ultimate fusion of cutting-edge technology and uncompromising comfort.</p>
<p><img src="data:image/svg+xml;charset=UTF-8,%3Csvg%20xmlns%3D%27http%3A%2F%2Fwww.w3.org%2F2000%2Fsvg%27%20width%3D%2772%27%20height%3D%2772%27%20fill%3D%27rgba%28255%2C255%2C255%2C.2%29%27%3E%3Crect%20width%3D%27100%25%27%20height%3D%27100%25%27%2F%3E%3C%2Fsvg%3E" loading="lazy" data-lazy="1" decoding="async" width="72" height="72" data-tf-src="https://s.w.org/images/core/emoji/14.0.0/72x72/1f3a7.png" alt="🎧" class="tf_svg_lazy wp-smiley" style="height: 1em; max-height: 1em;" /><noscript><img data-tf-not-load src="https://s.w.org/images/core/emoji/14.0.0/72x72/1f3a7.png" alt="🎧" class="wp-smiley" style="height: 1em; max-height: 1em;" /></noscript> Key Features <img src="data:image/svg+xml;charset=UTF-8,%3Csvg%20xmlns%3D%27http%3A%2F%2Fwww.w3.org%2F2000%2Fsvg%27%20width%3D%2772%27%20height%3D%2772%27%20fill%3D%27rgba%28255%2C255%2C255%2C.2%29%27%3E%3Crect%20width%3D%27100%25%27%20height%3D%27100%25%27%2F%3E%3C%2Fsvg%3E" loading="lazy" data-lazy="1" decoding="async" width="72" height="72" data-tf-src="https://s.w.org/images/core/emoji/14.0.0/72x72/1f3a7.png" alt="🎧" class="tf_svg_lazy wp-smiley" style="height: 1em; max-height: 1em;" /><noscript><img data-tf-not-load src="https://s.w.org/images/core/emoji/14.0.0/72x72/1f3a7.png" alt="🎧" class="wp-smiley" style="height: 1em; max-height: 1em;" /></noscript></p>
<ol>
<li><strong>Pure Audio Nirvana</strong>: Prepare to be swept away by the richness and clarity of sound. The SonicRise Pro headphones deliver an audio experience like no other, with deep bass, crystal-clear highs, and a balanced midrange that reveals every nuance of your favorite music.</li>
<li><strong>Active Noise Cancellation</strong>: Escape into your own auditory sanctuary. Our advanced noise-cancellation technology silences the world around you, allowing you to focus solely on the music, podcasts, or calls that matter most.</li>
</ol>
<!--themify_builder_content-->
<div id="themify_builder_content-165" data-postid="165" class="themify_builder_content themify_builder_content-165 themify_builder tf_clear">
    </div>
<!--/themify_builder_content-->
]]></content:encoded>
					
					<wfw:commentRss>/product/simple-products-3/feed/</wfw:commentRss>
			<slash:comments>0</slash:comments>
		
		
			</item>
		<item>
		<title>simple Products</title>
		<link>/product/simple-products-2/</link>
					<comments>/product/simple-products-2/#respond</comments>
		
		<dc:creator><![CDATA[admin]]></dc:creator>
		<pubDate>Sat, 12 Aug 2023 08:09:23 +0000</pubDate>
				<guid isPermaLink="false">/?post_type=product#038;p=164</guid>

					<description><![CDATA[<p><img src="data:image/gif;base64,R0lGODlhAQABAIAAAAAAAP///yH5BAEAAAAALAAAAAABAAEAAAIBRAA7" data-lazy="1" width="474" height="522" data-tf-src="/wp-content/uploads/2023/08/h2.jpg" class="tf_svg_lazy attachment-full size-full wp-post-image" alt="" decoding="async" /><noscript><img width="474" height="522" data-tf-not-load src="/wp-content/uploads/2023/08/h2.jpg" class="attachment-full size-full wp-post-image" alt="" decoding="async" /></noscript></p>Introducing SonicRise Pro: Your Gateway to Unparalleled Soundscapes Immerse yourself in a world of sonic excellence with the revolutionary SonicRise Pro headphones. Engineered to redefine your audio experience, these headphones are the ultimate fusion of cutting-edge technology and uncompromising comfort. 🎧 Key Features 🎧 Pure Audio Nirvana: Prepare to be swept away by the richness [&#8230;]]]></description>
										<content:encoded><![CDATA[<p><img src="data:image/gif;base64,R0lGODlhAQABAIAAAAAAAP///yH5BAEAAAAALAAAAAABAAEAAAIBRAA7" data-lazy="1" width="474" height="522" data-tf-src="/wp-content/uploads/2023/08/h2.jpg" class="tf_svg_lazy attachment-full size-full wp-post-image" alt="" decoding="async" /><noscript><img width="474" height="522" data-tf-not-load src="/wp-content/uploads/2023/08/h2.jpg" class="attachment-full size-full wp-post-image" alt="" decoding="async" /></noscript></p><p>Introducing SonicRise Pro: Your Gateway to Unparalleled Soundscapes</p>
<p>Immerse yourself in a world of sonic excellence with the revolutionary SonicRise Pro headphones. Engineered to redefine your audio experience, these headphones are the ultimate fusion of cutting-edge technology and uncompromising comfort.</p>
<p><img src="data:image/svg+xml;charset=UTF-8,%3Csvg%20xmlns%3D%27http%3A%2F%2Fwww.w3.org%2F2000%2Fsvg%27%20width%3D%2772%27%20height%3D%2772%27%20fill%3D%27rgba%28255%2C255%2C255%2C.2%29%27%3E%3Crect%20width%3D%27100%25%27%20height%3D%27100%25%27%2F%3E%3C%2Fsvg%3E" loading="lazy" data-lazy="1" decoding="async" width="72" height="72" data-tf-src="https://s.w.org/images/core/emoji/14.0.0/72x72/1f3a7.png" alt="🎧" class="tf_svg_lazy wp-smiley" style="height: 1em; max-height: 1em;" /><noscript><img data-tf-not-load src="https://s.w.org/images/core/emoji/14.0.0/72x72/1f3a7.png" alt="🎧" class="wp-smiley" style="height: 1em; max-height: 1em;" /></noscript> Key Features <img src="data:image/svg+xml;charset=UTF-8,%3Csvg%20xmlns%3D%27http%3A%2F%2Fwww.w3.org%2F2000%2Fsvg%27%20width%3D%2772%27%20height%3D%2772%27%20fill%3D%27rgba%28255%2C255%2C255%2C.2%29%27%3E%3Crect%20width%3D%27100%25%27%20height%3D%27100%25%27%2F%3E%3C%2Fsvg%3E" loading="lazy" data-lazy="1" decoding="async" width="72" height="72" data-tf-src="https://s.w.org/images/core/emoji/14.0.0/72x72/1f3a7.png" alt="🎧" class="tf_svg_lazy wp-smiley" style="height: 1em; max-height: 1em;" /><noscript><img data-tf-not-load src="https://s.w.org/images/core/emoji/14.0.0/72x72/1f3a7.png" alt="🎧" class="wp-smiley" style="height: 1em; max-height: 1em;" /></noscript></p>
<ol>
<li><strong>Pure Audio Nirvana</strong>: Prepare to be swept away by the richness and clarity of sound. The SonicRise Pro headphones deliver an audio experience like no other, with deep bass, crystal-clear highs, and a balanced midrange that reveals every nuance of your favorite music.</li>
<li><strong>Active Noise Cancellation</strong>: Escape into your own auditory sanctuary. Our advanced noise-cancellation technology silences the world around you, allowing you to focus solely on the music, podcasts, or calls that matter most.</li>
</ol>
<!--themify_builder_content-->
<div id="themify_builder_content-164" data-postid="164" class="themify_builder_content themify_builder_content-164 themify_builder tf_clear">
    </div>
<!--/themify_builder_content-->
]]></content:encoded>
					
					<wfw:commentRss>/product/simple-products-2/feed/</wfw:commentRss>
			<slash:comments>0</slash:comments>
		
		
			</item>
	</channel>
</rss>
