<?xml version="1.0" encoding="UTF-8"?><rss version="2.0"
	xmlns:content="http://purl.org/rss/1.0/modules/content/"
	xmlns:wfw="http://wellformedweb.org/CommentAPI/"
	xmlns:dc="http://purl.org/dc/elements/1.1/"
	xmlns:atom="http://www.w3.org/2005/Atom"
	xmlns:sy="http://purl.org/rss/1.0/modules/syndication/"
	xmlns:slash="http://purl.org/rss/1.0/modules/slash/"
	>

<channel>
	<title>Leather goods &#8211; ShopEase</title>
	<atom:link href="/product-category/leather-goods/feed/" rel="self" type="application/rss+xml" />
	<link></link>
	<description>Shop with Ease Anytime, Anywhere.</description>
	<lastBuildDate>Sat, 12 Aug 2023 16:44:51 +0000</lastBuildDate>
	<language>en-GB</language>
	<sy:updatePeriod>
	hourly	</sy:updatePeriod>
	<sy:updateFrequency>
	1	</sy:updateFrequency>
	<generator>https://wordpress.org/?v=6.3</generator>
	<item>
		<title>Suitcase</title>
		<link>/product/suitcase/</link>
					<comments>/product/suitcase/#respond</comments>
		
		<dc:creator><![CDATA[admin]]></dc:creator>
		<pubDate>Sat, 12 Aug 2023 16:29:12 +0000</pubDate>
				<guid isPermaLink="false">/?post_type=product#038;p=237</guid>

					<description><![CDATA[<p><img data-tf-not-load="1" fetchpriority="high" loading="auto" decoding="sync" width="1920" height="1280" src="/wp-content/uploads/2023/08/Hero-2-2.jpeg" class="attachment-full size-full wp-post-image" alt="" decoding="async" fetchpriority="high" /></p>]]></description>
										<content:encoded><![CDATA[<p><img data-tf-not-load="1" width="1920" height="1280" src="/wp-content/uploads/2023/08/Hero-2-2.jpeg" class="attachment-full size-full wp-post-image" alt="" decoding="async" /></p><!--themify_builder_content-->
<div id="themify_builder_content-237" data-postid="237" class="themify_builder_content themify_builder_content-237 themify_builder tf_clear">
    </div>
<!--/themify_builder_content-->
]]></content:encoded>
					
					<wfw:commentRss>/product/suitcase/feed/</wfw:commentRss>
			<slash:comments>0</slash:comments>
		
		
			</item>
		<item>
		<title>Variable products</title>
		<link>/product/variable-products/</link>
					<comments>/product/variable-products/#respond</comments>
		
		<dc:creator><![CDATA[admin]]></dc:creator>
		<pubDate>Sat, 12 Aug 2023 03:09:54 +0000</pubDate>
				<guid isPermaLink="false">/?post_type=product#038;p=102</guid>

					<description><![CDATA[<p><img src="data:image/gif;base64,R0lGODlhAQABAIAAAAAAAP///yH5BAEAAAAALAAAAAABAAEAAAIBRAA7" data-lazy="1" width="640" height="640" data-tf-src="/wp-content/uploads/2023/08/5-variant-braided-loop-for-apple-watch-strap-44mm-40mm-45mm-41mm-42mm-38mm-49mm-elastic-solo-bracelet-iwatch-series-7-se-3-6-ultra-8-band.png" class="tf_svg_lazy attachment-full size-full wp-post-image" alt="" decoding="async" /><noscript><img width="640" height="640" data-tf-not-load src="/wp-content/uploads/2023/08/5-variant-braided-loop-for-apple-watch-strap-44mm-40mm-45mm-41mm-42mm-38mm-49mm-elastic-solo-bracelet-iwatch-series-7-se-3-6-ultra-8-band.png" class="attachment-full size-full wp-post-image" alt="" decoding="async" /></noscript></p>Introducing the Elegance Redefined: The Radiant Starlight Watch Experience timekeeping like never before with the exquisite Radiant Starlight Watch. Merging timeless beauty with modern innovation, this watch is a true masterpiece that adorns your wrist with elegance and sophistication. Captivating Design Precision Engineering Adjustable Comfort]]></description>
										<content:encoded><![CDATA[<p><img src="data:image/gif;base64,R0lGODlhAQABAIAAAAAAAP///yH5BAEAAAAALAAAAAABAAEAAAIBRAA7" data-lazy="1" width="640" height="640" data-tf-src="/wp-content/uploads/2023/08/5-variant-braided-loop-for-apple-watch-strap-44mm-40mm-45mm-41mm-42mm-38mm-49mm-elastic-solo-bracelet-iwatch-series-7-se-3-6-ultra-8-band.png" class="tf_svg_lazy attachment-full size-full wp-post-image" alt="" decoding="async" /><noscript><img width="640" height="640" data-tf-not-load src="/wp-content/uploads/2023/08/5-variant-braided-loop-for-apple-watch-strap-44mm-40mm-45mm-41mm-42mm-38mm-49mm-elastic-solo-bracelet-iwatch-series-7-se-3-6-ultra-8-band.png" class="attachment-full size-full wp-post-image" alt="" decoding="async" /></noscript></p><p>Introducing the Elegance Redefined: The Radiant Starlight Watch</p>
<p>Experience timekeeping like never before with the exquisite Radiant Starlight Watch. Merging timeless beauty with modern innovation, this watch is a true masterpiece that adorns your wrist with elegance and sophistication.</p>
<p><strong>Captivating Design</strong></p>
<p><strong>Precision Engineering</strong></p>
<p><strong>Adjustable Comfort</strong></p>
<!--themify_builder_content-->
<div id="themify_builder_content-102" data-postid="102" class="themify_builder_content themify_builder_content-102 themify_builder tf_clear">
    </div>
<!--/themify_builder_content-->
]]></content:encoded>
					
					<wfw:commentRss>/product/variable-products/feed/</wfw:commentRss>
			<slash:comments>0</slash:comments>
		
		
			</item>
		<item>
		<title>Simple products</title>
		<link>/product/backpack/</link>
					<comments>/product/backpack/#respond</comments>
		
		<dc:creator><![CDATA[admin]]></dc:creator>
		<pubDate>Fri, 11 Aug 2023 20:05:41 +0000</pubDate>
				<guid isPermaLink="false">/?post_type=product#038;p=86</guid>

					<description><![CDATA[<p><img src="data:image/gif;base64,R0lGODlhAQABAIAAAAAAAP///yH5BAEAAAAALAAAAAABAAEAAAIBRAA7" data-lazy="1" width="474" height="474" data-tf-src="/wp-content/uploads/2023/08/1.jpg" class="tf_svg_lazy attachment-full size-full wp-post-image" alt="" decoding="async" /><noscript><img width="474" height="474" data-tf-not-load src="/wp-content/uploads/2023/08/1.jpg" class="attachment-full size-full wp-post-image" alt="" decoding="async" /></noscript></p>Embark on your journeys with unparalleled confidence and convenience, courtesy of our meticulously crafted Expedition Pro Backpack. Whether you&#8217;re a dedicated globetrotter, an urban explorer, or a weekend adventurer, this backpack is your steadfast partner in all your escapades.]]></description>
										<content:encoded><![CDATA[<p><img src="data:image/gif;base64,R0lGODlhAQABAIAAAAAAAP///yH5BAEAAAAALAAAAAABAAEAAAIBRAA7" data-lazy="1" width="474" height="474" data-tf-src="/wp-content/uploads/2023/08/1.jpg" class="tf_svg_lazy attachment-full size-full wp-post-image" alt="" decoding="async" /><noscript><img width="474" height="474" data-tf-not-load src="/wp-content/uploads/2023/08/1.jpg" class="attachment-full size-full wp-post-image" alt="" decoding="async" /></noscript></p><p>Embark on your journeys with unparalleled confidence and convenience, courtesy of our meticulously crafted Expedition Pro Backpack. Whether you&#8217;re a dedicated globetrotter, an urban explorer, or a weekend adventurer, this backpack is your steadfast partner in all your escapades.</p>
<!--themify_builder_content-->
<div id="themify_builder_content-86" data-postid="86" class="themify_builder_content themify_builder_content-86 themify_builder tf_clear">
    </div>
<!--/themify_builder_content-->
]]></content:encoded>
					
					<wfw:commentRss>/product/backpack/feed/</wfw:commentRss>
			<slash:comments>0</slash:comments>
		
		
			</item>
	</channel>
</rss>
