<?xml version="1.0" encoding="UTF-8"?><rss version="2.0"
	xmlns:content="http://purl.org/rss/1.0/modules/content/"
	xmlns:wfw="http://wellformedweb.org/CommentAPI/"
	xmlns:dc="http://purl.org/dc/elements/1.1/"
	xmlns:atom="http://www.w3.org/2005/Atom"
	xmlns:sy="http://purl.org/rss/1.0/modules/syndication/"
	xmlns:slash="http://purl.org/rss/1.0/modules/slash/"
	>

<channel>
	<title>Rings &#8211; ShopEase</title>
	<atom:link href="/product-category/rings/feed/" rel="self" type="application/rss+xml" />
	<link></link>
	<description>Shop with Ease Anytime, Anywhere.</description>
	<lastBuildDate>Sat, 12 Aug 2023 16:38:41 +0000</lastBuildDate>
	<language>en-GB</language>
	<sy:updatePeriod>
	hourly	</sy:updatePeriod>
	<sy:updateFrequency>
	1	</sy:updateFrequency>
	<generator>https://wordpress.org/?v=6.3</generator>
	<item>
		<title>Rings</title>
		<link>/product/rings/</link>
					<comments>/product/rings/#respond</comments>
		
		<dc:creator><![CDATA[admin]]></dc:creator>
		<pubDate>Sat, 12 Aug 2023 10:58:04 +0000</pubDate>
				<guid isPermaLink="false">/?post_type=product#038;p=177</guid>

					<description><![CDATA[<p><img data-tf-not-load="1" fetchpriority="high" loading="auto" decoding="sync" width="474" height="385" src="/wp-content/uploads/2023/08/r4.jpg" class="attachment-full size-full wp-post-image" alt="" decoding="async" fetchpriority="high" /></p>Introducing the Enchanted Serenity Ring: Where Beauty and Elegance Unite Elevate your jewelry collection with the captivating allure of the Enchanted Serenity Ring. A true embodiment of grace and sophistication, this ring is a timeless masterpiece that perfectly complements your unique style. 🌟 Key Features 🌟 Mesmerizing Centerpiece: The Enchanted Serenity Ring features a dazzling [&#8230;]]]></description>
										<content:encoded><![CDATA[<p><img data-tf-not-load="1" width="474" height="385" src="/wp-content/uploads/2023/08/r4.jpg" class="attachment-full size-full wp-post-image" alt="" decoding="async" /></p><p>Introducing the Enchanted Serenity Ring: Where Beauty and Elegance Unite</p>
<p>Elevate your jewelry collection with the captivating allure of the Enchanted Serenity Ring. A true embodiment of grace and sophistication, this ring is a timeless masterpiece that perfectly complements your unique style.</p>
<p><img src="data:image/svg+xml;charset=UTF-8,%3Csvg%20xmlns%3D%27http%3A%2F%2Fwww.w3.org%2F2000%2Fsvg%27%20width%3D%2772%27%20height%3D%2772%27%20fill%3D%27rgba%28255%2C255%2C255%2C.2%29%27%3E%3Crect%20width%3D%27100%25%27%20height%3D%27100%25%27%2F%3E%3C%2Fsvg%3E" loading="lazy" data-lazy="1" decoding="async" width="72" height="72" data-tf-src="https://s.w.org/images/core/emoji/14.0.0/72x72/1f31f.png" alt="🌟" class="tf_svg_lazy wp-smiley" style="height: 1em; max-height: 1em;" /><noscript><img data-tf-not-load src="https://s.w.org/images/core/emoji/14.0.0/72x72/1f31f.png" alt="🌟" class="wp-smiley" style="height: 1em; max-height: 1em;" /></noscript> Key Features <img src="data:image/svg+xml;charset=UTF-8,%3Csvg%20xmlns%3D%27http%3A%2F%2Fwww.w3.org%2F2000%2Fsvg%27%20width%3D%2772%27%20height%3D%2772%27%20fill%3D%27rgba%28255%2C255%2C255%2C.2%29%27%3E%3Crect%20width%3D%27100%25%27%20height%3D%27100%25%27%2F%3E%3C%2Fsvg%3E" loading="lazy" data-lazy="1" decoding="async" width="72" height="72" data-tf-src="https://s.w.org/images/core/emoji/14.0.0/72x72/1f31f.png" alt="🌟" class="tf_svg_lazy wp-smiley" style="height: 1em; max-height: 1em;" /><noscript><img data-tf-not-load src="https://s.w.org/images/core/emoji/14.0.0/72x72/1f31f.png" alt="🌟" class="wp-smiley" style="height: 1em; max-height: 1em;" /></noscript></p>
<ol>
<li><strong>Mesmerizing Centerpiece</strong>: The Enchanted Serenity Ring features a dazzling gemstone that captures the essence of ethereal beauty. With its brilliant sparkle and exquisite cut, it becomes the focal point of admiration and conversation.</li>
<li><strong>Crafted to Perfection</strong>: Meticulously handcrafted by skilled artisans, this ring boasts intricate detailing and flawless craftsmanship. Every curve, every facet, and every angle showcases the dedication to creating a piece that&#8217;s as exceptional as you are.</li>
</ol>
<!--themify_builder_content-->
<div id="themify_builder_content-177" data-postid="177" class="themify_builder_content themify_builder_content-177 themify_builder tf_clear">
    </div>
<!--/themify_builder_content-->
]]></content:encoded>
					
					<wfw:commentRss>/product/rings/feed/</wfw:commentRss>
			<slash:comments>0</slash:comments>
		
		
			</item>
		<item>
		<title>Simple Products</title>
		<link>/product/simple-products-4/</link>
					<comments>/product/simple-products-4/#respond</comments>
		
		<dc:creator><![CDATA[admin]]></dc:creator>
		<pubDate>Sat, 12 Aug 2023 08:11:36 +0000</pubDate>
				<guid isPermaLink="false">/?post_type=product#038;p=166</guid>

					<description><![CDATA[<p><img src="data:image/gif;base64,R0lGODlhAQABAIAAAAAAAP///yH5BAEAAAAALAAAAAABAAEAAAIBRAA7" data-lazy="1" width="474" height="334" data-tf-src="/wp-content/uploads/2023/08/r1.jpg" class="tf_svg_lazy attachment-full size-full wp-post-image" alt="" decoding="async" /><noscript><img width="474" height="334" data-tf-not-load src="/wp-content/uploads/2023/08/r1.jpg" class="attachment-full size-full wp-post-image" alt="" decoding="async" /></noscript></p>Introducing the Enchanted Serenity Ring: Where Beauty and Elegance Unite Elevate your jewelry collection with the captivating allure of the Enchanted Serenity Ring. A true embodiment of grace and sophistication, this ring is a timeless masterpiece that perfectly complements your unique style. 🌟 Key Features 🌟 Mesmerizing Centerpiece: The Enchanted Serenity Ring features a dazzling [&#8230;]]]></description>
										<content:encoded><![CDATA[<p><img src="data:image/gif;base64,R0lGODlhAQABAIAAAAAAAP///yH5BAEAAAAALAAAAAABAAEAAAIBRAA7" data-lazy="1" width="474" height="334" data-tf-src="/wp-content/uploads/2023/08/r1.jpg" class="tf_svg_lazy attachment-full size-full wp-post-image" alt="" decoding="async" /><noscript><img width="474" height="334" data-tf-not-load src="/wp-content/uploads/2023/08/r1.jpg" class="attachment-full size-full wp-post-image" alt="" decoding="async" /></noscript></p><p>Introducing the Enchanted Serenity Ring: Where Beauty and Elegance Unite</p>
<p>Elevate your jewelry collection with the captivating allure of the Enchanted Serenity Ring. A true embodiment of grace and sophistication, this ring is a timeless masterpiece that perfectly complements your unique style.</p>
<p><img src="data:image/svg+xml;charset=UTF-8,%3Csvg%20xmlns%3D%27http%3A%2F%2Fwww.w3.org%2F2000%2Fsvg%27%20width%3D%2772%27%20height%3D%2772%27%20fill%3D%27rgba%28255%2C255%2C255%2C.2%29%27%3E%3Crect%20width%3D%27100%25%27%20height%3D%27100%25%27%2F%3E%3C%2Fsvg%3E" loading="lazy" data-lazy="1" decoding="async" width="72" height="72" data-tf-src="https://s.w.org/images/core/emoji/14.0.0/72x72/1f31f.png" alt="🌟" class="tf_svg_lazy wp-smiley" style="height: 1em; max-height: 1em;" /><noscript><img data-tf-not-load src="https://s.w.org/images/core/emoji/14.0.0/72x72/1f31f.png" alt="🌟" class="wp-smiley" style="height: 1em; max-height: 1em;" /></noscript> Key Features <img src="data:image/svg+xml;charset=UTF-8,%3Csvg%20xmlns%3D%27http%3A%2F%2Fwww.w3.org%2F2000%2Fsvg%27%20width%3D%2772%27%20height%3D%2772%27%20fill%3D%27rgba%28255%2C255%2C255%2C.2%29%27%3E%3Crect%20width%3D%27100%25%27%20height%3D%27100%25%27%2F%3E%3C%2Fsvg%3E" loading="lazy" data-lazy="1" decoding="async" width="72" height="72" data-tf-src="https://s.w.org/images/core/emoji/14.0.0/72x72/1f31f.png" alt="🌟" class="tf_svg_lazy wp-smiley" style="height: 1em; max-height: 1em;" /><noscript><img data-tf-not-load src="https://s.w.org/images/core/emoji/14.0.0/72x72/1f31f.png" alt="🌟" class="wp-smiley" style="height: 1em; max-height: 1em;" /></noscript></p>
<ol>
<li><strong>Mesmerizing Centerpiece</strong>: The Enchanted Serenity Ring features a dazzling gemstone that captures the essence of ethereal beauty. With its brilliant sparkle and exquisite cut, it becomes the focal point of admiration and conversation.</li>
<li><strong>Crafted to Perfection</strong>: Meticulously handcrafted by skilled artisans, this ring boasts intricate detailing and flawless craftsmanship. Every curve, every facet, and every angle showcases the dedication to creating a piece that&#8217;s as exceptional as you are.</li>
</ol>
<!--themify_builder_content-->
<div id="themify_builder_content-166" data-postid="166" class="themify_builder_content themify_builder_content-166 themify_builder tf_clear">
    </div>
<!--/themify_builder_content-->
]]></content:encoded>
					
					<wfw:commentRss>/product/simple-products-4/feed/</wfw:commentRss>
			<slash:comments>0</slash:comments>
		
		
			</item>
		<item>
		<title>simple products</title>
		<link>/product/simple-products/</link>
					<comments>/product/simple-products/#respond</comments>
		
		<dc:creator><![CDATA[admin]]></dc:creator>
		<pubDate>Sat, 12 Aug 2023 08:07:20 +0000</pubDate>
				<guid isPermaLink="false">/?post_type=product#038;p=155</guid>

					<description><![CDATA[<p><img src="data:image/gif;base64,R0lGODlhAQABAIAAAAAAAP///yH5BAEAAAAALAAAAAABAAEAAAIBRAA7" data-lazy="1" width="736" height="736" data-tf-src="/wp-content/uploads/2023/08/r4-1.jpg" class="tf_svg_lazy attachment-full size-full wp-post-image" alt="" decoding="async" /><noscript><img width="736" height="736" data-tf-not-load src="/wp-content/uploads/2023/08/r4-1.jpg" class="attachment-full size-full wp-post-image" alt="" decoding="async" /></noscript></p>Introducing the Enchanted Serenity Ring: Where Beauty and Elegance Unite Elevate your jewelry collection with the captivating allure of the Enchanted Serenity Ring. A true embodiment of grace and sophistication, this ring is a timeless masterpiece that perfectly complements your unique style. 🌟 Key Features 🌟 Mesmerizing Centerpiece: The Enchanted Serenity Ring features a dazzling [&#8230;]]]></description>
										<content:encoded><![CDATA[<p><img src="data:image/gif;base64,R0lGODlhAQABAIAAAAAAAP///yH5BAEAAAAALAAAAAABAAEAAAIBRAA7" data-lazy="1" width="736" height="736" data-tf-src="/wp-content/uploads/2023/08/r4-1.jpg" class="tf_svg_lazy attachment-full size-full wp-post-image" alt="" decoding="async" /><noscript><img width="736" height="736" data-tf-not-load src="/wp-content/uploads/2023/08/r4-1.jpg" class="attachment-full size-full wp-post-image" alt="" decoding="async" /></noscript></p><p>Introducing the Enchanted Serenity Ring: Where Beauty and Elegance Unite</p>
<p>Elevate your jewelry collection with the captivating allure of the Enchanted Serenity Ring. A true embodiment of grace and sophistication, this ring is a timeless masterpiece that perfectly complements your unique style.</p>
<p><img src="data:image/svg+xml;charset=UTF-8,%3Csvg%20xmlns%3D%27http%3A%2F%2Fwww.w3.org%2F2000%2Fsvg%27%20width%3D%2772%27%20height%3D%2772%27%20fill%3D%27rgba%28255%2C255%2C255%2C.2%29%27%3E%3Crect%20width%3D%27100%25%27%20height%3D%27100%25%27%2F%3E%3C%2Fsvg%3E" loading="lazy" data-lazy="1" decoding="async" width="72" height="72" data-tf-src="https://s.w.org/images/core/emoji/14.0.0/72x72/1f31f.png" alt="🌟" class="tf_svg_lazy wp-smiley" style="height: 1em; max-height: 1em;" /><noscript><img data-tf-not-load src="https://s.w.org/images/core/emoji/14.0.0/72x72/1f31f.png" alt="🌟" class="wp-smiley" style="height: 1em; max-height: 1em;" /></noscript> Key Features <img src="data:image/svg+xml;charset=UTF-8,%3Csvg%20xmlns%3D%27http%3A%2F%2Fwww.w3.org%2F2000%2Fsvg%27%20width%3D%2772%27%20height%3D%2772%27%20fill%3D%27rgba%28255%2C255%2C255%2C.2%29%27%3E%3Crect%20width%3D%27100%25%27%20height%3D%27100%25%27%2F%3E%3C%2Fsvg%3E" loading="lazy" data-lazy="1" decoding="async" width="72" height="72" data-tf-src="https://s.w.org/images/core/emoji/14.0.0/72x72/1f31f.png" alt="🌟" class="tf_svg_lazy wp-smiley" style="height: 1em; max-height: 1em;" /><noscript><img data-tf-not-load src="https://s.w.org/images/core/emoji/14.0.0/72x72/1f31f.png" alt="🌟" class="wp-smiley" style="height: 1em; max-height: 1em;" /></noscript></p>
<ol>
<li><strong>Mesmerizing Centerpiece</strong>: The Enchanted Serenity Ring features a dazzling gemstone that captures the essence of ethereal beauty. With its brilliant sparkle and exquisite cut, it becomes the focal point of admiration and conversation.</li>
<li><strong>Crafted to Perfection</strong>: Meticulously handcrafted by skilled artisans, this ring boasts intricate detailing and flawless craftsmanship. Every curve, every facet, and every angle showcases the dedication to creating a piece that&#8217;s as exceptional as you are.</li>
</ol>
<!--themify_builder_content-->
<div id="themify_builder_content-155" data-postid="155" class="themify_builder_content themify_builder_content-155 themify_builder tf_clear">
    </div>
<!--/themify_builder_content-->
]]></content:encoded>
					
					<wfw:commentRss>/product/simple-products/feed/</wfw:commentRss>
			<slash:comments>0</slash:comments>
		
		
			</item>
	</channel>
</rss>
