<?xml version="1.0" encoding="UTF-8"?><rss version="2.0"
	xmlns:content="http://purl.org/rss/1.0/modules/content/"
	xmlns:wfw="http://wellformedweb.org/CommentAPI/"
	xmlns:dc="http://purl.org/dc/elements/1.1/"
	xmlns:atom="http://www.w3.org/2005/Atom"
	xmlns:sy="http://purl.org/rss/1.0/modules/syndication/"
	xmlns:slash="http://purl.org/rss/1.0/modules/slash/"
	>

<channel>
	<title>Backpacks &#8211; ShopEase</title>
	<atom:link href="/product-category/leather-goods/backpacks/feed/" rel="self" type="application/rss+xml" />
	<link></link>
	<description>Shop with Ease Anytime, Anywhere.</description>
	<lastBuildDate>Sat, 12 Aug 2023 08:12:42 +0000</lastBuildDate>
	<language>en-GB</language>
	<sy:updatePeriod>
	hourly	</sy:updatePeriod>
	<sy:updateFrequency>
	1	</sy:updateFrequency>
	<generator>https://wordpress.org/?v=6.3</generator>
	<item>
		<title>Simple products</title>
		<link>/product/backpack/</link>
					<comments>/product/backpack/#respond</comments>
		
		<dc:creator><![CDATA[admin]]></dc:creator>
		<pubDate>Fri, 11 Aug 2023 20:05:41 +0000</pubDate>
				<guid isPermaLink="false">/?post_type=product#038;p=86</guid>

					<description><![CDATA[<p><img data-tf-not-load="1" fetchpriority="high" loading="auto" decoding="sync" width="474" height="474" src="/wp-content/uploads/2023/08/1.jpg" class="attachment-full size-full wp-post-image" alt="" decoding="async" fetchpriority="high" /></p>Embark on your journeys with unparalleled confidence and convenience, courtesy of our meticulously crafted Expedition Pro Backpack. Whether you&#8217;re a dedicated globetrotter, an urban explorer, or a weekend adventurer, this backpack is your steadfast partner in all your escapades.]]></description>
										<content:encoded><![CDATA[<p><img data-tf-not-load="1" width="474" height="474" src="/wp-content/uploads/2023/08/1.jpg" class="attachment-full size-full wp-post-image" alt="" decoding="async" /></p><p>Embark on your journeys with unparalleled confidence and convenience, courtesy of our meticulously crafted Expedition Pro Backpack. Whether you&#8217;re a dedicated globetrotter, an urban explorer, or a weekend adventurer, this backpack is your steadfast partner in all your escapades.</p>
<!--themify_builder_content-->
<div id="themify_builder_content-86" data-postid="86" class="themify_builder_content themify_builder_content-86 themify_builder tf_clear">
    </div>
<!--/themify_builder_content-->
]]></content:encoded>
					
					<wfw:commentRss>/product/backpack/feed/</wfw:commentRss>
			<slash:comments>0</slash:comments>
		
		
			</item>
	</channel>
</rss>
